pipeline,order,operator,baseline_arm,candidate_arm,baseline_mean_s,candidate_mean_s,speedup,time_reduction_percent,baseline_cv,candidate_cv,both_pairs_improve,observed_improvement,attributable_improvement,added_mechanisms,root_configuration_note,normal_root_claim_eligible,corrected_report_ref
fineweb,0,clean_html_mapper,R,T,3.302793945011217,3.47599322500173,0.9501727222179995,-5.24402317777426,0.009387868410319453,9.030942890979598e-05,False,False,False,,not_affected_by_ad_root_helper,True,
fineweb,1,clean_links_mapper,R,T,24.364402770006564,23.095739695068914,1.0549306102202267,5.207035390579806,0.03469249535657522,0.009276931927499647,True,True,False,,not_affected_by_ad_root_helper,True,
fineweb,2,clean_email_mapper,R,T,75.57339822000358,84.18450130999554,0.897711538870047,-11.394357396664855,0.403573485225968,0.10707895681174907,False,False,False,,not_affected_by_ad_root_helper,True,
fineweb,3,clean_copyright_mapper,R,T,30.059287144977134,29.226300714944955,1.0285012611810371,2.7711449909462282,0.006779769393044122,0.014003442618881284,True,False,False,,not_affected_by_ad_root_helper,True,
fineweb,4,fix_unicode_mapper,R,T,10.995747494976968,10.165873155056033,1.0816333557642506,7.547229875004257,0.1213865938249861,0.011454322042488377,False,False,False,,not_affected_by_ad_root_helper,True,
fineweb,5,punctuation_normalization_mapper,R,T,24.1565665199887,13.624977250001393,1.7729619709997115,43.597210974799715,0.07780515986958624,0.07514090050926038,True,False,False,typed_translation,not_affected_by_ad_root_helper,True,
fineweb,6,whitespace_normalization_mapper,R,T,44.38901359005831,19.67110092996154,2.2565596988243963,55.684753187740974,0.1779170139474933,0.012858032243851127,True,False,False,typed_whitespace,not_affected_by_ad_root_helper,True,
fineweb,7,text_length_filter,R,T,7.577034930000082,6.694405429938342,1.131845838932087,11.64874529701726,0.11421096219217518,0.027403701773489417,False,False,False,,not_affected_by_ad_root_helper,True,
fineweb,8,alphanumeric_filter,R,T,83.26732419006294,10.425070010009222,7.987219664723314,87.47999877333234,0.4391020642929374,0.05386666846570477,True,False,False,typed_alnum,not_affected_by_ad_root_helper,True,
fineweb,9,language_id_score_filter,R,T,73.88497345003998,72.47400212008506,1.019468654809721,1.9096864545928294,0.010657288663425834,0.007647471834942629,True,False,False,,not_affected_by_ad_root_helper,True,
fineweb,10,perplexity_filter,R,T,6.059744435013272,6.821210755035281,0.8883678649776493,-12.56598076351616,0.03407151030894654,0.058306892897479416,False,False,False,,not_affected_by_ad_root_helper,True,
fineweb,11,document_deduplicator,R,T,6.377481470059138,5.925666850002017,1.0762470505841832,7.084530502805697,0.005078418520544876,0.009351521340114284,True,True,False,,not_affected_by_ad_root_helper,True,
fineweb,12,text_chunk_mapper,R,T,15.397794780030381,15.776146220043302,0.9760174991575425,-2.457179391061959,0.028110470766274678,0.03746232962909419,False,False,False,,not_affected_by_ad_root_helper,True,
fineweb,0,clean_html_mapper,R,N,3.334886889962945,1.2590566049912013,2.6487187921040696,62.24589779099852,0.004597799110977919,0.001208575497404903,True,True,True,native_regex,not_affected_by_ad_root_helper,True,
fineweb,1,clean_links_mapper,R,N,22.766153080039658,1.8273149199667387,12.45880106996229,91.97354549298518,0.00021791033452426127,0.03408289907892422,True,True,True,native_regex,not_affected_by_ad_root_helper,True,
fineweb,2,clean_email_mapper,R,N,39.50228345999494,39.612573884951416,0.9972157723131853,-0.2792001254007692,0.0014549133615583997,0.01709150198053983,False,False,False,,not_affected_by_ad_root_helper,True,
fineweb,3,clean_copyright_mapper,R,N,31.955411104951054,3.2102505849907175,9.954179668825901,89.95396875212369,0.05053293758850215,0.02851500923689873,True,False,False,native_regex,not_affected_by_ad_root_helper,True,
fineweb,4,fix_unicode_mapper,R,N,11.234736785001587,10.408070934936404,1.0794254627233892,7.358123878512091,0.071757781283429,0.01807753964734113,False,False,False,,not_affected_by_ad_root_helper,True,
fineweb,5,punctuation_normalization_mapper,R,N,23.696410799981095,5.349372919998132,4.429754880500904,77.425387476814,0.03574504245465567,0.14634011905628208,True,False,False,native_translation,not_affected_by_ad_root_helper,True,
fineweb,6,whitespace_normalization_mapper,R,N,34.039841039979365,8.540282109985128,3.985798197483507,74.91092246889556,0.01616215449830973,0.001363216091650647,True,True,True,native_whitespace,not_affected_by_ad_root_helper,True,
fineweb,7,text_length_filter,R,N,6.198554505011998,6.265255930018611,0.989353758928342,-1.0760803176398603,0.10401632421346904,0.1079977749652622,False,False,False,native_length,not_affected_by_ad_root_helper,True,
fineweb,8,alphanumeric_filter,R,N,47.58444674999919,44.68026473495411,1.0649992123429182,6.1032169404073855,0.0038862996761051326,0.0009326154456607761,True,True,False,,not_affected_by_ad_root_helper,True,
fineweb,9,language_id_score_filter,R,N,75.72378582000965,14.710332889982965,5.147659565989423,80.57369592567858,0.020621534080684276,0.019998278908217117,True,True,True,native_language,not_affected_by_ad_root_helper,True,
fineweb,10,perplexity_filter,R,N,6.4236180950538255,6.651946929981932,0.965674886265407,-3.554520700785746,0.030573996166221206,0.05841135596038635,False,False,False,,not_affected_by_ad_root_helper,True,
fineweb,11,document_deduplicator,R,N,6.147282669960987,6.3220280350069515,0.9723592865962714,-2.8426440498639627,0.010574133889270955,0.03980981317852183,False,False,False,,not_affected_by_ad_root_helper,True,
fineweb,12,text_chunk_mapper,R,N,15.505224725056905,15.704301819961984,0.9873234036643368,-1.283935566463379,0.04378520124766129,0.005206505894508019,False,False,False,,not_affected_by_ad_root_helper,True,
fineweb,0,clean_html_mapper,R,ALL,3.3104580699582584,1.263961409975309,2.6191132449391215,61.81913852208234,0.003935965885837827,0.014108824732911265,True,True,True,native_regex,not_affected_by_ad_root_helper,True,
fineweb,1,clean_links_mapper,R,ALL,23.15042367496062,1.8323690650286153,12.634148936911403,92.08494371094169,0.004238954168958041,0.02653857564381887,True,True,True,native_regex,not_affected_by_ad_root_helper,True,
fineweb,2,clean_email_mapper,R,ALL,48.142678045027424,39.14694727497408,1.2297939276558647,18.68556369390111,0.2009387580386143,0.012092362443442549,False,False,False,,not_affected_by_ad_root_helper,True,
fineweb,3,clean_copyright_mapper,R,ALL,31.046091449970845,3.0687237749807537,10.116939068641184,90.11558740034687,0.024566905666129343,0.1695451735480823,True,False,False,native_regex,not_affected_by_ad_root_helper,True,
fineweb,4,fix_unicode_mapper,R,ALL,9.939186164992861,10.368467265041545,0.9585974388426675,-4.3190769638732585,0.07518714737619908,0.09807048130040069,False,False,False,,not_affected_by_ad_root_helper,True,
fineweb,5,punctuation_normalization_mapper,R,ALL,23.441925480030477,5.837488275021315,4.0157554714651456,75.0980853514183,0.013339776644807035,0.1049198809754819,True,False,False,native_translation,not_affected_by_ad_root_helper,True,
fineweb,6,whitespace_normalization_mapper,R,ALL,44.743036399944685,9.025470870023128,4.95741851525471,79.82821105535368,0.11665171789735912,0.05690680268714966,True,False,False,native_whitespace,not_affected_by_ad_root_helper,True,
fineweb,7,text_length_filter,R,ALL,32.734073840023484,5.7299140500254,5.712838544214879,82.49556691895918,0.7964413157830283,0.04929959465243405,True,False,False,native_length,not_affected_by_ad_root_helper,True,
fineweb,8,alphanumeric_filter,R,ALL,47.19164587999694,10.432935725024436,4.523333328585843,77.89240970413658,0.00249153251150659,0.020469631048461757,True,True,True,typed_alnum,not_affected_by_ad_root_helper,True,
fineweb,9,language_id_score_filter,R,ALL,73.95491708494956,14.999331414990593,4.930547571676277,79.71827701765744,0.012792187217224159,0.025363270832371294,True,True,True,native_language,not_affected_by_ad_root_helper,True,
fineweb,10,perplexity_filter,R,ALL,6.893819610006176,7.8517085700295866,0.8780024816917267,-13.894894473784358,0.05007303055692809,0.0778946409637856,False,False,False,,not_affected_by_ad_root_helper,True,
fineweb,11,document_deduplicator,R,ALL,5.6900646650465205,8.352155750035308,0.681268984360411,-46.784900378052605,0.06687155900501153,0.16451627832216945,False,False,False,,not_affected_by_ad_root_helper,True,
fineweb,12,text_chunk_mapper,R,ALL,14.757654259970877,16.860373705043457,0.8752863084853456,-14.24833112384305,0.00022545994843676127,0.007815331218904502,False,False,False,,not_affected_by_ad_root_helper,True,
ad,0,ad_sensor_align_mapper,R,S,100.40618099999847,67.56462754006498,1.4860761415499384,32.708696947585324,0.0242388442198077,0.07211562229196844,True,False,False,invariant_cache;value_cache,omitted_root_default_fallback_context_only,False,/opt/Codex/python-udf-jit/docs/reports/2026-09-07-blue53-ad-explicit-root-correction.md
ad,1,ad_index_mapper,R,S,107.01716995000606,113.91122778505087,0.9394786802925712,-6.442010976617518,0.02926087441338689,0.07933793999723102,False,False,False,,omitted_root_default_fallback_context_only,False,/opt/Codex/python-udf-jit/docs/reports/2026-09-07-blue53-ad-explicit-root-correction.md
ad,0,ad_sensor_align_mapper,R,B,96.16963081498398,15.82909849495627,6.075496393280208,83.54043957451694,0.029926365325948834,0.1067313344201832,True,False,False,arrow_batch;arrow_dictionary;invariant_cache;value_cache,omitted_root_default_fallback_context_only,False,/opt/Codex/python-udf-jit/docs/reports/2026-09-07-blue53-ad-explicit-root-correction.md
ad,1,ad_index_mapper,R,B,93.83607879001647,99.33878776000347,0.9446066426411281,-5.864171905883664,0.009244923393331104,0.01462165567756543,False,False,False,,omitted_root_default_fallback_context_only,False,/opt/Codex/python-udf-jit/docs/reports/2026-09-07-blue53-ad-explicit-root-correction.md
ad,0,ad_sensor_align_mapper,R,ALL,96.65184649999719,14.708543604996521,6.571136415379995,84.78193212273814,0.016168639364155187,0.053352850976263425,True,False,False,arrow_batch;arrow_dictionary;invariant_cache;value_cache,omitted_root_default_fallback_context_only,False,/opt/Codex/python-udf-jit/docs/reports/2026-09-07-blue53-ad-explicit-root-correction.md
ad,1,ad_index_mapper,R,ALL,93.56420374498703,112.97007519495673,0.8282211336366709,-20.74070068811913,0.014005874176256585,0.11486014993471327,False,False,False,,omitted_root_default_fallback_context_only,False,/opt/Codex/python-udf-jit/docs/reports/2026-09-07-blue53-ad-explicit-root-correction.md
ad,0,ad_sensor_align_mapper,ALL0,ALL,23.091212295053992,14.229965695005376,1.622717355050185,38.37497350429992,0.12932844957604298,0.08898314248966335,True,False,False,arrow_dictionary,omitted_root_default_fallback_context_only,False,/opt/Codex/python-udf-jit/docs/reports/2026-09-07-blue53-ad-explicit-root-correction.md
ad,1,ad_index_mapper,ALL0,ALL,106.8558152099722,111.03531832498265,0.9623587955790993,-3.9113483031295138,0.03255067956036645,0.008103101774856007,False,False,False,,omitted_root_default_fallback_context_only,False,/opt/Codex/python-udf-jit/docs/reports/2026-09-07-blue53-ad-explicit-root-correction.md
image,0,download_file_mapper,R,ALL,0.664515069918707,0.805665330030024,0.824802861870627,-21.24109241474157,0.0010419026114783494,0.003033306667061576,False,False,False,,not_affected_by_ad_root_helper,True,
image,1,image_shape_filter,R,ALL,12.203653934993781,12.186213234963361,1.0014311829026905,0.14291375454698052,0.001203938182337504,0.00041142846445641466,False,False,False,,not_affected_by_ad_root_helper,True,
image,2,image_aspect_ratio_filter,R,ALL,12.176305614993908,12.158721009967849,1.0014462545042067,0.14441658728083784,0.0012335321962989824,0.00030680365499123044,False,False,False,,not_affected_by_ad_root_helper,True,
image,3,image_size_filter,R,ALL,0.05191391002153978,0.059110374946612865,0.8782537764043492,-13.862305732870395,0.013962154345709993,0.005141990395670825,False,False,False,,not_affected_by_ad_root_helper,True,
image,4,image_blur_mapper,R,ALL,20.00308837997727,20.13430299499305,0.9934830316674776,-0.6559717805732612,0.0008674365514385325,0.00047568842809141333,False,False,False,,not_affected_by_ad_root_helper,True,
image,5,image_deduplicator,R,ALL,13.037616085028276,13.075252945011016,0.9971215195498684,-0.28867900187643514,0.0014408404781496012,0.0007319923344345169,False,False,False,,not_affected_by_ad_root_helper,True,
image,6,image_aesthetics_filter,R,ALL,0.03364012006204575,0.06103569996776059,0.5511548172596473,-81.43722393138462,0.0007508899883253221,0.004554710821577278,False,False,False,,not_affected_by_ad_root_helper,True,
image,7,image_text_similarity_filter,R,ALL,0.032005059998482466,0.05893412994919345,0.5430649443043228,-84.14003895630202,0.005477260603806385,0.0025160293360788726,False,False,False,,not_affected_by_ad_root_helper,True,
image,8,image_clip_vectorize_mapper,R,ALL,0.03882993501611054,0.06968439999036491,0.557225649090463,-79.46051148798692,0.0003503738287221406,0.0008514103736188344,False,False,False,,not_affected_by_ad_root_helper,True,
audio,0,audio_ffmpeg_wrapped_mapper,R,ALL,157.34970507503022,158.17168222001055,0.9948032597653163,-0.5223887420623852,0.0010427608678497918,0.0021388136315627967,False,False,False,,not_affected_by_ad_root_helper,True,
audio,1,audio_duration_filter,R,ALL,148.81642932503019,149.33610129496083,0.9965201182739851,-0.34920335898909194,0.0015119364574682137,0.006845861691249554,False,False,False,,not_affected_by_ad_root_helper,True,
audio,2,audio_nmf_snr_filter,R,ALL,9.489196154929232,9.47354593500495,1.0016519917707323,0.16492671948985516,0.0054146404149610205,0.002466829752899612,False,False,False,,not_affected_by_ad_root_helper,True,
audio,3,audio_ffmpeg_wrapped_mapper,R,ALL,156.7779903850751,156.80629539495567,0.9998194906026618,-0.018054198686345835,0.0020950468506622587,0.0017857842016030779,False,False,False,,not_affected_by_ad_root_helper,True,
audio,4,audio_ffmpeg_wrapped_mapper,R,ALL,155.0291534300195,155.181157635001,0.9990204725412668,-0.09804878735282241,0.0023249347106640934,0.001711021873114271,False,False,False,,not_affected_by_ad_root_helper,True,
audio,5,audio_duration_filter,R,ALL,148.90674434497487,147.88412184995832,1.0069150256445658,0.686753645387228,0.0029367633205791915,0.000989249272741589,True,False,False,,not_affected_by_ad_root_helper,True,
video,0,video_ffmpeg_wrapped_mapper,R,ALL,30.691208535048645,30.954654824978206,0.991489283553019,-0.8583770483612918,0.00011615068735257634,0.0011415328362490876,False,False,False,,not_affected_by_ad_root_helper,True,
video,1,video_resize_resolution_mapper,R,ALL,2.401262509985827,2.414663625007961,0.9944501110285745,-0.5580862136648657,0.0017655962110022325,0.0032595492687974106,False,False,False,,not_affected_by_ad_root_helper,True,
video,2,video_split_by_scene_mapper,R,ALL,39.09155042498605,39.635930920019746,0.9862654797705601,-1.3925784194165347,0.011885403621249367,0.001271452915732614,False,False,False,,not_affected_by_ad_root_helper,True,
video,3,video_duration_filter,R,ALL,4.6748323399806395,4.69686211500084,0.9953096824048034,-0.471242034324848,0.0019214485888581832,0.0014743981873835458,False,False,False,,not_affected_by_ad_root_helper,True,
video,4,video_split_by_duration_mapper,R,ALL,1.3799971450353041,1.362325369962491,1.0129717727221799,1.2805660603276814,0.0030394012150754394,0.004056160285781145,True,False,False,,not_affected_by_ad_root_helper,True,
video,5,video_extract_frames_mapper,R,ALL,4.917219334980473,4.937400259950664,0.9959126414899179,-0.41041335753779773,0.000333112047061186,0.0012486490336864626,False,False,False,,not_affected_by_ad_root_helper,True,
pdf,0,pdf_parse_mapper,R,ALL,6.710711099964101,6.8455678800237365,0.9803001325203179,-2.009575111352313,0.004891521861711971,0.0012217058062591285,False,False,False,,not_affected_by_ad_root_helper,True,
pdf,1,pdf_ocr_mapper,R,ALL,415.3287846700405,415.36118409002665,0.9999219969962837,-0.007800908865962519,0.0008445755818038139,0.00029612858581528083,False,False,False,,not_affected_by_ad_root_helper,True,
pdf,2,pdf_table_extract_mapper,R,ALL,7.363634849956725,7.424902694998309,0.991748330239687,-0.8320326345615081,0.001002585022262175,0.0033205303963073133,False,False,False,,not_affected_by_ad_root_helper,True,
pdf,3,text_chunk_mapper,R,ALL,0.0328769400366582,0.03488563501741737,0.9424205699636458,-6.10973824972596,0.0009997866069301334,0.002657110913030134,False,False,False,,not_affected_by_ad_root_helper,True,
pdf,4,bge_vectorize_mapper,R,ALL,6.604180324997287,7.296356705017388,0.9051339719254514,-10.480882501045041,0.009459922647599447,0.013433008961169831,False,False,False,,not_affected_by_ad_root_helper,True,
